filename,category,tags
"1st-medal","Activities","prize,place,first,winner,champion",
"2x2-cell","Layout",
"360-view","Maps",
"cube-hole","3D Editor","modeling,blender,4d",
"3d-arc-center-pt","3D Editor","modeling,blender,4d",
"3d-arc","3D Editor","modeling,blender,4d",
"3d-bridge","3D Editor","modeling,blender,4d",
"3d-center-box","3D Editor","modeling,blender,4d",
"3d-ellipse-three-pts","3D Editor","modeling,blender,4d",
"3d-ellipse","3D Editor","modeling,blender,4d",
"3d-pt-box","3D Editor","modeling,blender,4d",
"3d-rect-corner-to-corner","3D Editor","modeling,blender,4d",
"3d-rect-from-center","3D Editor","modeling,blender,4d",
"3d-rect-three-pts","3D Editor","modeling,blender,4d",
"3d-select-edge","3D Editor","modeling,blender,4d",
"3d-select-face","3D Editor","modeling,blender,4d",
"3d-select-point","3D Editor","modeling,blender,4d",
"cube","3D Editor","modeling, blender, 4d, solid, model, object, 3d",
"3d-three-pts-box","3D Editor","modeling,blender,4d",
"4k-display","Devices",
"Fishing","Activities",
"accessibility-sign","System","assistance,assistant,impaired",
"accessibility-tech","System","assistance,assistant,impaired",
"accessibility","System","assistance,assistant,impaired",
"activity","Other",
"plus-circle","Actions","add",
"database-script-plus","Database",
"folder-plus","Docs",
"frame-plus-in","Design Tools",
"hexagon-plus","Shapes",
"keyframe-plus-in","Animations","add",
"keyframe-plus","Animations","add",
"keyframes-plus","Animations","add",
"lens-plus","Design Tools",
"media-image-plus","Photos and Videos",
"media-video-plus","Photos and Videos",
"page-plus-in","Docs",
"map-pin-plus","Maps",
"plus-square-dashed","Other",
"plus-square","Actions","add",
"cart-plus","Shopping",
"user-plus","Users",
"african-tree","Nature",
"air-conditioner","Home",
"airplane-helix-45deg","Transport","fly,jet",
"airplane-helix","Transport","fly,jet",
"airplane-off","Transport","fly,jet",
"airplane-rotation","Transport","fly,jet",
"airplane","Transport","fly,jet",
"airplay","Connectivity",
"alarm","Other",
"album-carousel","Music",
"album-list","Music",
"album-open","Music",
"album","Music",
"align-bottom-box","Design Tools",
"align-center","Editor",
"align-justify","Editor",
"align-left-box","Design Tools",
"align-left","Editor",
"align-right-box","Design Tools",
"align-right","Editor",
"align-top-box","Design Tools",
"antenna-off","Connectivity",
"antenna-signal-tag","Connectivity",
"antenna-signal","Connectivity",
"antenna","Connectivity",
"app-notification","Communication",
"app-window","System",
"apple-half","Food",
"apple-imac-2021-side","Devices",
"apple-imac-2021","Devices",
"apple-mac","System",
"apple-swift","Development",
"apple-wallet","Finance",
"apple","Food",
"ar-tag","Devices",
"arcade","Gaming",
"archery-match","Gaming","sport,activity,arrows",
"archery","Activities","sport,activity,arrows",
"archive","Docs",
"area-search","Organization",
"arrow-archery","Activities","sport,activity,arrows",
"arrow-down-circle","Navigation",
"arrow-down","Navigation",
"arrow-left-circle","Navigation",
"arrow-left","Navigation",
"arrow-right-circle","Navigation",
"arrow-right","Navigation",
"arrow-separate-vertical","Navigation",
"arrow-separate","Navigation",
"arrow-union-vertical","Navigation",
"arrow-union","Navigation",
"arrow-up-circle","Navigation",
"arrow-up","Navigation",
"asana","Development",
"atom","Science",
"attachment","Docs",
"augmented-reality","Gaming","ar,tech",
"auto-flash","Photos and Videos",
"axes","Design Tools",
"backward-15-seconds","Music",
"bag","Clothing",
"bank","Finance",
"barcode","Shopping",
"basketball","Activities",
"basketball-field","Activities",
"battery-25","System","energy,source,charge",
"battery-50","System","energy,source,charge",
"battery-75","System","energy,source,charge",
"battery-charging","System","energy,source,charge",
"battery-empty","System","energy,source,charge",
"battery-full","System","energy,source,charge",
"battery-indicator","Other","energy,source,charge",
"battery-warning","System","energy,source,charge",
"bbq","Food",
"beach-bag","Clothing",
"bed-ready","Home","sleep, home, sleeping",
"bed","Home","sleep, home, sleeping",
"behance-tag","Social",
"behance","Social",
"bell-notification","Communication",
"bell-off","Communication",
"bell","Communication",
"bicycle","Transport","cycle,bike,transport,sport,life,activity",
"bin-plus-in","System","trash, add",
"bin-full","System","trash",
"bin-half","System","trash",
"bin-minus-in","System","trash, remove, delete, clean",
"bin","System","trash",
"bishop","Gaming","game,chess",
"bitbucket","Git","git, repository, github",
"bluetooth-tag","Connectivity",
"bluetooth","Connectivity",
"bold-square","Editor",
"bold","Editor",
"bonfire","Activities",
"book-stack","Activities",
"book","Activities",
"bookmark-book","Activities",
"bookmark-circle","Organization",
"bookmark","Organization",
"border-bl","Design Tools",
"border-bottom","Design Tools",
"border-br","Design Tools",
"border-inner","Design Tools",
"border-left","Design Tools",
"border-out","Design Tools",
"border-right","Design Tools",
"border-tl","Design Tools",
"border-top","Design Tools",
"border-tr","Design Tools",
"bounce-left","Animations",
"bounce-right","Animations",
"bowling-ball","Activities",
"box-iso","Home",
"box","Home",
"boxing-glove","Activities",
"brightness-window","System","browser,os,setting,light,contrast",
"brightness","System","setting,light,contrast",
"bubble-download","Communication",
"bubble-xmark","Communication","error,issue",
"bubble-income","Communication",
"bubble-outcome","Communication",
"bubble-search","Communication",
"bubble-star","Communication",
"bubble-upload","Communication",
"bubble-warning","Communication",
"building","Buildings",
"bus","Transport","transport,station,track,public,shuttle",
"bus-stop","Transport","transport,station,track,public,shuttle",
"cable-tag","Connectivity",
"calculator","System","math,operation",
"calendar","System","organization,organisation,plan,planning,date,day,month,year",
"camera","Photos and Videos",
"xmark","Actions","cancel,delete,remove",
"car","Transport","vehicle,auto,drive,driving",
"c-square","Typography","carbon,element",
"card-wallet","Finance",
"cart-alt","Shopping",
"cart","Shopping",
"cash","Finance",
"center-align","Design Tools",
"chat-plus-in","Communication",
"chat-bubble-check","Communication",
"chat-bubble-empty","Communication",
"chat-bubble-xmark","Communication","error,issue,remove,delete",
"chat-bubble-question","Communication",
"chat-bubble-translate","Communication",
"chat-bubble-warning","Communication",
"chat-bubble","Communication",
"chat-lines","Communication",
"chat-minus-in","Communication",
"check-circle","Actions",
"window-check","System","browser,os",
"check","Actions",
"chocolate","Food",
"chromecast-active","Devices",
"chromecast","Devices",
"church-side","Buildings",
"church","Buildings",
"cinema-old","Activities",
"circle","Shapes",
"city","Buildings",
"droplet-check","Nature","check, safe, water, clean, pure",
"clipboard-check","Actions",
"clock","Other",
"closet","Home",
"cloud-bookmark","Cloud",
"cloud-check","Cloud",
"cloud-desync","Cloud",
"cloud-download","Cloud",
"cloud-xmark","Cloud","error,issue",
"cloud-sunny","Weather","weather,clouds",
"cloud-sync","Cloud",
"cloud-upload","Cloud",
"cloud","Weather",
"code-brackets-square","Development",
"code-brackets","Development",
"code","Development",
"codepen","Development",
"dollar-circle","Finance",
"collage-frame","Design Tools",
"collapse","Photos and Videos",
"color-filter","Design Tools",
"color-picker","Design Tools",
"combine","Design Tools",
"compact-disc","Music",
"compass","Navigation",
"compress-lines","Editor",
"compress","Other",
"computer","Devices",
"consumable","Shopping",
"control-slider","System","controller,ui,element,dashboard,panel,setting",
"cookie","System","biscuit,food,privacy,data",
"copy","Design Tools",
"copyright","Other",
"corner-bottom-left","Layout",
"corner-bottom-right","Layout",
"corner-top-left","Layout",
"corner-top-right","Layout",
"cpu-warning","System","processor,alert,caution,danger,computer,pc,tech,error,issue",
"cpu","System","processor,computer,pc,tech",
"cracked-egg","Food",
"creative-commons","Development",
"credit-card","Finance",
"crib","Home",
"crop-rotate-bl","Design Tools","cut, edit, image",
"crop-rotate-br","Design Tools","cut, edit, image",
"crop-rotate-tl","Design Tools","cut, edit, image",
"crop-rotate-tr","Design Tools","cut, edit, image",
"crop","Design Tools",
"css3","Development",
"cursor-pointer","System","desktop,mouse",
"cut","Design Tools",
"cycling","Activities",
"cylinder","3D Editor","shape,geometry",
"dash-flag","Other",
"dashboard-dots","System","accelerate,acceleration,panel,speed",
"dashboard-speed","System","accelerate,acceleration,panel",
"dashboard","System","accelerate,acceleration,panel,speed",
"data-transfer-both","Connectivity","connection, computer, network, information",
"data-transfer-check","Connectivity","connection, computer, network, information",
"data-transfer-down","Connectivity","connection, computer, network, information",
"data-transfer-up","Connectivity","connection, computer, network, information",
"data-transfer-warning","Connectivity","connection, computer, network, information",
"database-backup","Database","db, storage, repo",
"database-export","Database","db, storage, repo",
"database-monitor","Database","db, storage, repo",
"database-restore","Database","db, storage, repo",
"database-tag","Database","db, storage, repo",
"database-script","Database","db, storage, repo",
"database-settings","Database","db, storage, repo",
"database-star","Database","db, storage, repo",
"database-stats","Database","db, storage, repo",
"database-check","Database","db, storage, repo",
"database-xmark","Database","db, storage, repo, error",
"database-search","Database","db, storage, repo",
"database-warning","Database","db, storage, repo",
"database","Database","db, storage, repo",
"de-compress","Other",
"xmark-circle","Actions","delete",
"delivery-truck","Transport","ship,semitruck,shipment,amazon",
"delivery","Transport","ship,shipment,amazon",
"depth","Science",
"design-pencil","Design Tools",
"desk","Home",
"dialpad","Other",
"dice-five","Gaming",
"dice-four","Gaming",
"dice-one","Gaming",
"dice-six","Gaming",
"dice-three","Gaming",
"dice-two","Gaming",
"dimmer-switch","Home","light, intensity, setting, house, device, remote, controller",
"director-chair","Home","movie, cinema, hollywood, film, filming",
"discord","Social",
"dishwasher","Home",
"split-area","Other",
"split-square-dashed","Other",
"doc-magnifying-glass-in","Docs","search",
"doc-magnifying-glass","Docs","search",
"doc-star-in","Docs",
"doc-star","Docs",
"dollar","Finance",
"domotic-warning","Home",
"donate","Health",
"double-check","Actions",
"arrow-down-tag","Navigation",
"download-circle","Actions",
"download-data-window","System","browser,os",
"download-square","Actions",
"download","Actions",
"drag-hand-gesture","Gestures",
"drawer","Home",
"dribbble","Social","social,design,designers",
"drone-charge-full","Transport","air, device, fly",
"drone-charge-half","Transport","air, device, fly",
"drone-charge-low","Transport","air, device, fly",
"drone-check","Transport","air, device, fly",
"drone-xmark","Transport","air,device,fly,error,issue",
"drone-landing","Transport","air, device, fly",
"drone-refresh","Transport","air, device, fly",
"drone-take-off","Transport","air, device, fly",
"drone","Transport","air, device, fly",
"droplet-half","Design Tools",
"droplet","Design Tools",
"ease-curve-control-points","Animations",
"ease-in-control-point","Animations",
"ease-in-out","Animations",
"ease-in","Animations",
"ease-out-control-point","Animations",
"ease-out","Animations",
"ecology-book","Nature","clean, environment, nature",
"edit-pencil","Editor",
"edit","Editor",
"egg","Food",
"eject","System","disk,compact,player,vhs,cassette,tape,remove",
"electronics-chip","Development",
"electronics-transistor","Development",
"emoji-ball","Emojis",
"emoji-blink-left","Emojis",
"emoji-blink-right","Emojis",
"emoji-look-down","Emojis",
"emoji-look-left","Emojis",
"emoji-look-right","Emojis",
"emoji-look-up","Emojis",
"emoji-puzzled","Emojis",
"emoji-quite","Emojis",
"emoji-really","Emojis",
"emoji-sad","Emojis",
"emoji-satisfied","Emojis",
"emoji-sing-left-note","Emojis",
"emoji-sing-left","Emojis",
"emoji-sing-right-note","Emojis",
"emoji-sing-right","Emojis",
"emoji-surprise-alt","Emojis",
"emoji-surprise","Emojis",
"emoji-talking-angry","Emojis",
"emoji-talking-happy","Emojis",
"emoji-think-left","Emojis",
"emoji-think-right","Emojis",
"emoji","Emojis",
"empty-page","Docs",
"energy-usage-window","System","browser,os,consuption,economy",
"arrow-enlarge-tag","Navigation",
"enlarge","Photos and Videos",
"erase","Actions",
"window-xmark","System","browser,os,error,issue",
"euro-square","Finance",
"euro","Finance",
"ev-charge-alt","Transport","port, charge, recharge, electricity, vehicle, car",
"ev-charge","Transport","port, charge, recharge, electricity, vehicle, car",
"ev-plug-charging","Transport","port, charge, recharge, electricity, vehicle, car",
"ev-plug-xmark","Transport","port,charge,recharge,electricity,vehicle,car,error,issue",
"ev-plug","Transport","port, charge, recharge, electricity, vehicle, car",
"ev-tag","Transport","port, charge, recharge, electricity, vehicle, car",
"ev-station","Transport","port, charge, recharge, electricity, vehicle, car",
"exclude","Design Tools",
"expand-lines","Editor",
"expand","Photos and Videos",
"eye","Actions",
"eye-closed","Actions",
"face-id","Identity",
"facebook-tag","Social",
"facebook","Social",
"facetime","Communication",
"farm","Buildings",
"fast-arrow-down-square","Navigation",
"fast-arrow-down","Navigation",
"fast-arrow-left-square","Navigation",
"fast-arrow-left","Navigation",
"fast-arrow-right-square","Navigation",
"fast-arrow-right","Navigation",
"fast-arrow-up","Navigation",
"fast-arrow-up-square","Navigation",
"fast-down-circle","Navigation",
"fast-left-circle","Navigation",
"fast-right-circle","Navigation",
"fast-up-circle","Navigation",
"favourite-book","Activities",
"favourite-window","System","browser,os",
"female","Health",
"figma","Design Tools",
"file-not-found","Other",
"filter-alt","Organization",
"filter","Organization",
"finder","System","mac,apple,folder,file,os,operative,system",
"fingerprint-window","System","browser,os",
"fingerprint-xmark-circle","Identity","error,issue",
"fingerprint-lock-circle","Identity",
"fingerprint-check-circle","Identity",
"fingerprint-circle","Identity",
"mobile-fingerprint","Identity",
"fingerprint-scan","Identity",
"fingerprint-square","Identity",
"fingerprint","Identity",
"fire-flame","Activities",
"flare","Shapes",
"flash-off","Photos and Videos",
"flash","Photos and Videos",
"flask","Science",
"flip-reverse","Design Tools",
"flip","Design Tools",
"flower","Activities",
"f-square","Typography","fluorine,element",
"fog","Weather",
"folder-warning","Docs",
"folder-settings","Docs",
"folder","Docs",
"text-arrows-up-down","Editor","font, size, scale, resize",
"football-ball","Activities",
"football","Activities",
"forward-15-seconds","Music",
"forward","Music",
"frame-alt-empty","Design Tools",
"frame-alt","Design Tools",
"frame-select","Design Tools",
"frame-simple","Design Tools",
"frame-tool","Design Tools",
"frame","Design Tools",
"fridge","Home",
"fx-tag","Photos and Videos",
"fx","Photos and Videos",
"gamepad","Gaming",
"garage","Buildings",
"gas-tank-droplet","Transport","fuel",
"gas-tank","Transport","fuel",
"gas","Other",
"gift","Other",
"git-branch","Git","git, github",
"slash-square","Git","git, github, command",
"git-commit","Git","git, github",
"git-compare","Git","git, github",
"git-fork","Git","git, github",
"git-merge","Git","git, github",
"git-pull-request","Git","git, github",
"github-circle","Git","git, github",
"github","Git","git, github",
"gitlab-full","Git","git, github",
"glass-empty","Food",
"glass-half-alt","Food",
"glass-half","Food",
"glasses","Clothing",
"globe","Communication",
"golf","Activities",
"google-circle","Social","alphabet,search",
"google-docs","Docs","alphabet,search,cloud,editor",
"google-drive-check","Cloud","alphabet,search,cloud",
"google-drive-sync","Cloud","alphabet,search,cloud",
"google-drive-warning","Cloud","alphabet,search",
"google-drive","Cloud","alphabet,search",
"google-home","Home","alphabet,search",
"google-one","Cloud","alphabet,search,cloud",
"google","Social","alphabet,search",
"gps","Maps",
"graph-down","Activities",
"graph-up","Activities",
"bus-green","Transport","clean, environment, nature, energy",
"truck-green","Transport","clean, environment, nature, energy",
"vehicle-green","Transport","clean, environment, nature, energy",
"grid-plus","Layout",
"grid-minus","Layout",
"grid-xmark","Layout","remove",
"group","Users","people,society,person",
"gym","Activities",
"half-cookie","System","biscuit,food,privacy,data",
"half-moon","Other",
"hand-brake","Transport","car,drive,driving,auto,vehicle",
"handbag","Clothing",
"hard-drive","Devices",
"hat","Clothing",
"hd-display","Photos and Videos",
"hd","Photos and Videos",
"hdr","Photos and Videos",
"headset-bolt","Music","charge,energy,electricity,audio,listenings,earphones,earbuds",
"headset-help","Communication","earphones,earbuds,listenings,audio",
"headset-warning","Music","earphones,earbuds,listenings,audio,issue,error",
"headset","Music","earphones,earbuds,listenings,audio",
"health-shield","Health",
"healthcare","Health",
"heart","Health",
"heavy-rain","Weather","weather,storm",
"heptagon","Shapes",
"slips","Clothing",
"warning-hexagon","Devices",
"hexagon-dice","Gaming",
"hexagon","Shapes",
"priority-high","Business",
"historic-shield-alt","Security",
"historic-shield","Security",
"home-alt-slim-horiz","Home",
"home-alt-slim","Home",
"home-alt","Home",
"home-hospital","Health",
"home-sale","Home",
"home-secure","Home",
"home-shield","Home",
"home-simple-door","Home",
"home-simple","Home",
"home-table","Home",
"home-user","Home",
"home","Home",
"horiz-distribution-left","Design Tools",
"horiz-distribution-right","Design Tools",
"hospital-circle","Health",
"hospital","Buildings",
"hot-air-balloon","Transport","fly, airship",
"hourglass","Activities",
"html5","Development",
"h-square","Typography","hydrogen,element",
"iconoir","Development",
"import","Other",
"industry","Buildings",
"infinite","Science","limitless, endless, boundless, unbounded, unlimited",
"info-circle","Actions",
"input-field","System","element,ui,textbox",
"input-output","System",
"input-search","Organization",
"instagram","Social","social,share,story,video,photos,fb,meta",
"internet","Communication",
"intersect-alt","Design Tools",
"intersect","Design Tools",
"ios-settings","System","apple,iphone,ios",
"ip-address-tag","Security",
"iris-scan","Identity",
"italic-square","Editor",
"italic","Editor",
"journal-page","Docs",
"journal","Docs",
"kanban-board","Development",
"key-back","Security",
"key-minus","Security",
"key-plus","Security",
"key-xmark","Security",
"key","Security",
"keyframe-align-center","Animations",
"keyframe-align-horizontal","Animations",
"keyframe-align-vertical","Animations",
"keyframe-position","Animations",
"keyframe","Animations",
"keyframes-couple","Animations",
"keyframes","Animations",
"label","Organization",
"lamp","Home","light, home, house",
"language","Other",
"laptop-charging","Devices",
"laptop-fix","Devices",
"laptop-warning","Devices",
"laptop","Devices",
"suitcase","Clothing",
"layout-left","Layout","layout,tiled,windows,tiling,window",
"layout-right","Layout","layout,tiled,windows,tiling,window",
"leaderboard-star","Activities",
"leaderboard","Activities",
"leaf","Nature",
"arrow-left-tag","Navigation",
"lens","Design Tools",
"lifebelt","Other",
"light-bulb-off","Home",
"light-bulb-on","Home",
"light-bulb","Home",
"line-space","Actions",
"linear","Animations",
"link","Other",
"linkedin","Social","social,work,connection",
"linux","System","os,operative,system",
"list","Editor",
"floppy-disk-arrow-out","Actions","load",
"floppy-disk-arrow-in","Actions","save",
"floppy-disk","Devices","save",
"lock-square","System","locked,access,security,block,restricted"
"lock","Security",
"book-lock","Activities",
"window-lock","System","browser,os",
"log-no-access","System","sign,access,error",
"log-in","System","sign,access",
"log-out","System","sign,access",
"long-arrow-down-left","Navigation",
"long-arrow-down-right","Navigation",
"long-arrow-left-down","Navigation",
"long-arrow-left-up","Navigation",
"long-arrow-right-down","Navigation",
"long-arrow-right-up","Navigation",
"long-arrow-up-left","Navigation",
"long-arrow-up-right","Navigation",
"lot-of-cash","Finance",
"mac-control-key","System","input,keyboard,mac,apple,os,operative,system",
"mac-dock","System","mac,apple,os,operative,system",
"mac-option-key","System","input,keyboard,mac,apple,os,operative,system",
"mac-os-window","System","mac,apple,os,operative,system",
"magnet-energy","Science",
"magnet","Science",
"mail-open","Communication",
"mail","Communication",
"male","Health",
"map-xmark","Maps","issue,error",
"map","Maps",
"maps-arrow-diagonal","Maps",
"maps-arrow-xmark","Maps","issue",
"maps-arrow","Maps",
"maps-go-straight","Maps",
"maps-turn-back","Maps",
"maps-turn-left","Maps",
"maps-turn-right","Maps",
"mask-square","Design Tools",
"math-book","Activities",
"maximize","Other",
"medal","Activities",
"media-image-folder","Photos and Videos",
"media-image-list","Photos and Videos",
"media-image","Photos and Videos",
"media-video-folder","Photos and Videos",
"media-video-list","Photos and Videos",
"media-video","Photos and Videos",
"medium","Social","write,writing,blog,news",
"megaphone","Devices",
"menu-scale","Actions",
"menu","Actions",
"message-alert","Communication",
"message-text","Communication",
"message","Communication",
"metro","Transport","transport,train,station,track,public",
"microphone-plus","Audio",
"microphone-check","Audio",
"microphone-mute","Audio",
"microphone-minus","Audio",
"microphone-speaking","Audio",
"microphone-warning","Audio",
"microphone","Audio",
"minus-hexagon","Shapes",
"map-pin-minus","Maps",
"minus-square","Actions",
"minus","Actions",
"mirror","Home",
"font-question","Editor","missing, not, found, text",
"modern-tv-4k","Devices",
"modern-tv","Devices",
"money-square","Finance",
"moon-sat","Science",
"more-horiz-circle","Navigation",
"more-horiz","Navigation",
"more-vert-circle","Navigation",
"more-vert","Navigation",
"motorcycle","Transport",
"mouse-button-left","System","controller,device,input",
"mouse-button-right","System","controller,device,input",
"mouse-scroll-wheel","System","controller,device,input",
"dot-arrow-down","Animations",
"dot-arrow-left","Animations",
"dot-arrow-right","Animations",
"ruler-arrows","Design Tools","move, expand, measure",
"dot-arrow-up","Animations",
"movie","Activities",
"multi-bubble","Communication",
"multi-mac-os-window","System","mac,apple,os,operative,system",
"multi-window","System","mac,apple,os,operative,system,windows,microsoft",
"multiple-pages-plus","Docs",
"multiple-pages-xmark","Docs","delete,remove",
"multiple-pages-empty","Docs",
"multiple-pages-minus","Docs",
"multiple-pages","Docs",
"music-double-note-plus","Music",
"music-double-note","Music",
"music-note-plus","Music",
"music-note","Music",
"nav-arrow-down","Navigation",
"nav-arrow-left","Navigation",
"nav-arrow-right","Navigation",
"nav-arrow-up","Navigation",
"navigator-alt","Maps",
"navigator","Maps",
"network-reverse","Connectivity","connection, computer, network, information",
"network-left","Connectivity","connection, computer, network, information",
"network-right","Connectivity","connection, computer, network, information",
"network","Connectivity","connection, computer, network, information",
"new-tab","System",
"nintendo-switch","Gaming","game,console,portable",
"n-square","Typography","nitrogen,element",
"window-no-access","System","browser,os",
"battery-slash","System",
"coin-slash","Finance",
"credit-card-slash","Finance",
"link-xmark","Other","connection, lost, disabled, error, issue, url, address",
"lock-slash","Security",
"no-smoking-circle","Activities",
"cigarette-slash","Activities","smoking, smoke, tobacco, cigarette, health, cancer, forbidden, prohibited",
"notes","Other",
"numbered-list-left","Editor",
"numbered-list-right","Editor",
"octagon","Shapes",
"off-tag","System","switch,toggle,enable",
"oil-industry","Buildings",
"on-tag","System","switch,toggle,enable",
"one-finger-select-hand-gesture","Gestures",
"one-point-circle","3D Editor",
"open-book","Activities",
"open-in-browser","Actions",
"open-in-window","Actions",
"open-new-window","Actions",
"open-select-hand-gesture","Gestures",
"open-vpn","Security",
"orange-half","Food",
"orange-slice-alt","Food",
"orange-slice","Food",
"organic-food-square","Nature",
"organic-food","Nature",
"orthogonal-view","3D Editor",
"o-square","Typography","oxygen,element",
"package-lock","Transport","ship,shipment,amazon,secure,box",
"package","Transport","ship,shipment,amazon,box",
"packages","Transport","ship,shipment,amazon,stockage,deposit,boxes,box",
"pacman","Gaming",
"page-edit","Docs",
"page-flip","Other",
"page-search","Docs",
"page-star","Docs",
"page","Docs",
"palette","Activities",
"panorama-enlarge","Photos and Videos",
"panorama-reduce","Photos and Videos",
"pants","Clothing",
"pants-pockets","Clothing",
"parking","Transport","drive,car,spot,place,auto,vehicle",
"password-cursor","Security",
"password-xmark","Security","error,issue",
"password-check","Security",
"paste-clipboard","Actions",
"pause","Music",
"pause-window","System","browser,os,hold,wait,freeze",
"pc-check","Security",
"pc-firewall","Security",
"pc-mouse","System","controller,device,input",
"pc-no-entry","Security",
"pc-warning","Security",
"peace-hand","Gestures",
"pen-connect-bluetooth","Devices",
"pen-connect-wifi","Devices",
"pen-tablet-connect-usb","Devices",
"pen-tablet-connect-wifi","Devices",
"pen-tablet","Devices",
"pentagon","Shapes",
"people-tag","Users","people,society,person",
"percentage-circle","Activities",
"percentage-square","Activities",
"percentage","Activities",
"perspective-view","3D Editor",
"pharmacy-cross-circle","Health","hospital,health,emergency",
"pharmacy-cross-tag","Health","hospital,health,emergency",
"phone-plus","Communication",
"phone-xmark","Communication","remove,error",
"phone-disabled","Communication",
"phone-income","Communication",
"phone-outcome","Communication",
"phone-paused","Communication",
"phone-minus","Communication",
"phone","Communication",
"piggy-bank","Finance",
"pillow","Home",
"map-pin","Maps",
"pin","Organization",
"pine-tree","Nature",
"pinterest","Social",
"pizza-slice","Food",
"planet-alt","Science",
"planet-sat","Science",
"planet","Science",
"play","Music",
"playlist-plus","Music",
"playlist-play","Music",
"playlist","Music",
"playstation-gamepad","Gaming",
"plug-type-a","Connectivity","port, access, connection, cable",
"plug-type-c","Connectivity","port, access, connection, cable",
"plug-type-g","Connectivity","port, access, connection, cable",
"plug-type-l","Connectivity","port, access, connection, cable",
"plus","Actions",
"pocket","Social","save,tool,app",
"podcast","Communication",
"pokeball","Gaming","pokemon",
"position-align","Design Tools",
"position","Maps",
"potion","Gaming","power,superpower,energy",
"pound","Finance",
"precision-tool","Design Tools",
"printer","Devices",
"printing-page","Devices",
"priority-down","Business",
"priority-up","Business",
"private-wifi","Connectivity",
"profile-circle","Users","user,round,person",
"prohibition","Actions",
"puzzle","Development",
"qr-code","Other",
"help-circle","Actions",
"question-mark","Actions",
"help-square","Actions",
"quote-message","Communication",
"quote","Communication",
"rain","Weather","weather",
"receive-dollars","Finance",
"receive-euros","Finance",
"receive-pounds","Finance",
"receive-yens","Finance",
"redo-action","Actions",
"redo-circle","Actions",
"redo","Actions",
"arrow-reduce-tag","Navigation",
"reduce","Photos and Videos",
"refresh-circle","Actions",
"refresh-double","Actions",
"refresh","Actions",
"reload-window","System","refresh,browser,os",
"reminder-hand-gesture","Gestures",
"database-script-minus","Database","remove",
"minus-circle","Actions",
"folder-minus","Docs","remove",
"frame-minus-in","Design Tools","remove",
"cart-minus","Shopping","remove",
"keyframe-minus-in","Animations",
"keyframe-minus","Animations",
"keyframes-minus","Animations",
"link-slash","Other",
"media-image-xmark","Photos and Videos",
"media-video-xmark","Photos and Videos",
"page-minus-in","Docs",
"map-pin-xmark","Maps",
"pin-slash","Organization",
"minus-square-dashed","Other","remove,selection,select",
"xmark-square","Actions","remove",
"user-xmark","Users","delete,cancel,profile,person,remove",
"repeat-once","Music",
"repeat","Music",
"report-columns","Activities",
"reports","Activities",
"repository","Git","git, github",
"restart","Actions",
"rewind","Music",
"rhombus","Shapes",
"arrow-right-tag","Navigation",
"rings","Activities",
"rocket","Science","space, nasa, esa, spacex, missile",
"rook","Gaming",
"rotate-camera-left","Photos and Videos",
"rotate-camera-right","Photos and Videos",
"round-flask","Science",
"rounded-mirror","Home",
"rss-feed-tag","Social","news",
"rss-feed","Social","news",
"ruler-plus","Design Tools",
"ruler-combine","Design Tools",
"ruler-minus","Design Tools","remove",
"ruler","Design Tools",
"running","Activities",
"safari","System","browser,web,internet,apple",
"sandals","Clothing",
"scale-frame-enlarge","Design Tools",
"scale-frame-reduce","Design Tools",
"scan-barcode","Shopping",
"scan-qr-code","Other",
"scanning","Identity",
"scarf","Clothing",
"scissor-alt","Editor",
"scissor","Editor",
"sea-and-sun","Activities",
"sea-waves","Activities",
"search-engine","System","google,duckduckgo,bing",
"text-magnifying-glass","Editor","search",
"search-window","System","find",
"search","Organization",
"secure-window","System","find",
"security-pass","Security",
"select-window","System","find",
"square-dashed","Other","selection",
"selective-tool","Design Tools",
"send-dollars","Finance",
"send-euros","Finance",
"send-pounds","Finance",
"send-yens","Finance",
"server-connection","Connectivity","connection, computer, network",
"server","Connectivity","connection, computer, network",
"cloud-square","Cloud",
"settings-profiles","System",
"settings","System",
"share-android","Actions",
"share-ios","Actions",
"shield-plus-in","Security","security,protection,firewall",
"shield-alert","Security","security,protection,firewall",
"shield-alt","Security","security,protection,firewall",
"shield-broken","Security","security,protection,firewall",
"shield-check","Security","security,protection,firewall",
"shield-xmark","Security","security,protection,firewall",
"shield-download","Security","security,protection,firewall",
"shield-eye","Security","security,protection,firewall",
"shield-loading","Security","security,protection,firewall",
"shield-minus","Security","security,protection,firewall",
"shield-question","Security","security,protection,firewall",
"shield-search","Security","security,protection,firewall",
"shield-upload","Security","security,protection,firewall",
"shield","Security","security,protection,firewall",
"shop-four-tiles","Buildings",
"shop","Buildings",
"shopping-bag-plus","Shopping",
"shopping-bag-pocket","Shopping",
"shopping-bag-arrow-down","Shopping",
"shopping-bag-arrow-up","Shopping",
"shopping-bag-check","Shopping",
"shopping-bag-warning","Shopping",
"shopping-bag-minus","Shopping",
"shopping-bag","Shopping",
"shopping-code-check","Shopping",
"shopping-code-xmark","Shopping","error,issue",
"shopping-code","Shopping",
"short-pants","Clothing",
"short-pants-pockets","Clothing",
"shuffle","Music",
"sidebar-collapse","Navigation",
"sidebar-expand","Navigation",
"sigma-function","3D Editor","greek,math,symbol",
"simple-cart","Shopping",
"single-tap-gesture","Gestures",
"skateboard","Activities",
"skateboarding","Activities",
"skip-next","Music",
"skip-prev","Music",
"sleeper-chair","Home",
"small-lamp-alt","Home","light, home, house",
"small-lamp","Home","light, home, house",
"shop-four-tiles-window","Buildings",
"shop-window","Buildings",
"smartphone-device","Devices",
"smoking","Activities",
"snapchat","Social","message,messaging,chat,share,ghost",
"snow-flake","Weather","weather,storm,ac,air,conditioner,freeze,freezer",
"snow","Weather",
"soap","Other",
"soccer-ball","Activities",
"sofa","Home",
"soil-alt","Nature","terrain, ground, nature, vegetation",
"soil","Nature","terrain, ground, nature, vegetation",
"sort-down","Editor",
"sort-up","Editor",
"sort","Editor",
"sound-high","Audio",
"sound-low","Audio",
"sound-min","Audio",
"sound-off","Audio",
"spades","Gaming","poker,game,cards,gambling,vegas",
"sphere","3D Editor","modeling,blender,4d,geometry",
"spiral","3D Editor","modeling,blender,4d,geometry",
"spock-hand-gesture","Gestures",
"square","Shapes",
"stackoverflow","Social",
"star-dashed","Organization",
"star-half-dashed","Organization",
"star","Organization",
"stat-down","Activities",
"stat-up","Activities",
"stats-report","Activities",
"stats-down-square","Activities",
"stats-up-square","Activities",
"stretching","Activities",
"stroller","Health",
"style-border","Design Tools",
"substract","Design Tools",
"suggestion","Maps",
"sun-light","Weather",
"swimming","Activities",
"swipe-down-gesture","Gestures",
"swipe-left-gesture","Gestures",
"swipe-right-gesture","Gestures",
"swipe-two-fingers-down-gesture","Gestures",
"swipe-two-fingers-left-gesture","Gestures",
"swipe-two-fingers-right-gesture","Gestures",
"swipe-two-fingers-up-gesture","Gestures",
"swipe-up-gesture","Gestures",
"switch-off","System","toggle",
"switch-on","System","toggle",
"system-restart","System","restart,start,login,logout,sign",
"system-shut","System","restart,start,login,logout,sign",
"table-2-columns","Layout",
"table-rows","Layout",
"table","Layout",
"task-list","Editor",
"telegram-circle","Social","message,messaging,chat,private,secure,security,encrypt",
"telegram","Social","message,messaging,chat,private,secure,security,encrypt",
"tennis-ball-alt","Activities",
"tennis-ball","Activities",
"terminal-tag","System",
"terminal","System",
"test-tube","Science",
"text-square","Editor",
"text-size","Editor",
"text","Editor",
"three-points-circle","3D Editor",
"three-stars","Organization",
"thumbs-down","Social","disapprove,dislike,facebook,fb,meta,no",
"thumbs-up","Social","approve,like,facebook,fb,meta,yes",
"thunderstorm","Weather",
"tiktok","Social","social,video,shorts,story,share",
"timer-off","Other",
"timer","Other",
"tournament","Gaming",
"tower-check","Security",
"tower-no-access","Security",
"tower-warning","Security",
"tower","Security",
"trademark","Other",
"train","Transport","transport,train,station,track,public",
"tram","Transport","transport,train,station,track,public",
"transition-down","Animations",
"transition-left","Animations",
"transition-right","Animations",
"transition-up","Animations",
"translate","Other",
"trash","Actions",
"treadmill","Activities",
"tree","Nature",
"trekking","Activities",
"trello","Development",
"triangle-flag-circle","Other",
"triangle-flag-two-stripes","Other",
"triangle-flag","Other",
"triangle","Shapes",
"trophy","Activities",
"truck-length","Transport","size,transport,semitruck,rule,condition",
"truck","Transport","ship,semitruck,shipment,amazon",
"tunnel","Buildings",
"tv-fix","Devices",
"tv-warning","Devices",
"tv","Devices",
"badge-check","Social","social,twitter,instagram,share",
"twitter","Social","bird,social,share",
"two-points-circle","3D Editor",
"two-seater-sofa","Home",
"type","System",
"umbrella","Clothing",
"underline-square","Editor",
"underline","Editor",
"undo-action","Actions",
"undo-circle","Actions",
"undo","Actions",
"union-alt","Design Tools",
"union-horiz-alt","Design Tools",
"union","Design Tools",
"unity-5","Development",
"unity","Development",
"arrow-up-tag","Navigation",
"upload-data-window","System","os,browser",
"upload-square","Actions",
"upload","Actions","upload,arrow,data,cloud,save",
"usb","Connectivity","port, access, connection, cable",
"user-bag","Shopping",
"user-cart","Shopping",
"user-circle","Users",
"user-scan","Identity",
"user-square","Users","person,people,ux",
"user","Users","person,people,ux",
"vegan-circle","Nature",
"vegan-square","Nature",
"vegan","Nature",
"user-badge-check","Users","profile,person",
"video-camera-off","Photos and Videos",
"video-camera","Photos and Videos",
"view-columns-2","Layout","layout,tiled,windows,tiling,window",
"view-columns-3","Layout","layout,tiled,windows,tiling,window",
"view-grid","Layout",
"view-structure-down","Layout",
"view-structure-up","Layout",
"voice-lock-circle","Identity",
"voice-circle","Identity",
"voice-xmark","Identity","error,issue",
"voice-check","Identity",
"mobile-voice","Identity",
"voice-scan","Identity",
"voice-square","Identity",
"voice","Identity",
"vr-tag","Devices",
"waist","Activities",
"walking","Activities",
"wallet","Finance",
"warning-circle","Actions",
"warning-square","Actions",
"warning-triangle","Actions",
"warning-window","System","alert,danger",
"wash","Home",
"washing-machine","Home",
"watering-soil","Nature","gardening, garden, terrain, ground, plants",
"web-window-xmark","System","close,error,issue",
"web-window-energy-consumption","System",
"web-window","System",
"weight-alt","Health",
"weight","Health",
"white-flag","Other",
"wifi-xmark","Connectivity","signal,connection,network,error",
"wifi-warning","Connectivity","signal, connection, network",
"wifi-off","Connectivity","signal, connection, network",
"wifi-tag","Connectivity","signal, connection, network",
"wifi-signal-none","Connectivity","signal, connection, network",
"wifi","Connectivity","signal, connection, network",
"wind","Weather","weather,air,fresh",
"windows","System",
"wrap-text","Actions",
"wristwatch","Devices",
"www","Communication",
"xbox-a","Gaming",
"xbox-b","Gaming",
"xbox-x","Gaming",
"xbox-y","Gaming",
"xray-view","3D Editor",
"yen-square","Finance",
"yen","Finance",
"yoga","Activities",
"youtube","Social","google,video,social,share",
"zoom-in","Organization",
"zoom-out","Organization",
"page-plus","Docs",
"angle-tool","Tools",
"avi-format","Photos and Videos",
"bread-slice","Food",
"closed-captions-tag","Photos and Videos",
"cutlery","Food",
"coffee-cup","Food",
"design-nib","Design Tools",
"forward-message","Communication",
"arrow-email-forward","Communication",
"gif-format","Photos and Videos",
"hammer","Tools",
"jpeg-format","Photos and Videos",
"jpg-format","Photos and Videos",
"list-select","Editor",
"mail-in","Communication",
"mail-out","Communication",
"mpeg-format","Photos and Videos",
"npm-square","Development",
"npm","Development",
"png-format","Photos and Videos",
"raw-format","Photos and Videos",
"page-minus","Docs",
"reply-to-message","Communication",
"reply","Communication",
"screenshot","Photos and Videos",
"send-diagonal","Communication",
"send-mail","Communication",
"send","Communication",
"submit-document","Docs",
"svg-format","Photos and Videos",
"text-box","Editor",
"tif-format","Photos and Videos",
"tiff-format","Photos and Videos",
"tools","Tools",
"webp-format","Photos and Videos",
"wrench","Tools",
"arrow-down-left-circle","Navigation",
"arrow-down-left-square","Navigation",
"arrow-down-right-circle","Navigation",
"arrow-down-right-square","Navigation",
"arrow-up-left-circle","Navigation",
"arrow-up-left-square","Navigation",
"arrow-up-right-circle","Navigation",
"arrow-up-right-square","Navigation",
"divide-three","Navigation",
"divide","Navigation",
"drag","Navigation",
"horizontal-merge","Navigation",
"horizontal-split","Navigation",
"page-down","Navigation",
"page-left","Navigation",
"page-right","Navigation",
"page-up","Navigation",
"path-arrow","Navigation",
"shortcut-square","Navigation",
"vertical-merge","Navigation",
"vertical-split","Navigation",
"at-sign-circle","Communication",
"at-sign","Communication",
"brain-electricity","Science",
"brain-research","Science",
"brain-warning","Science",
"brain","Science",
"candlestick-chart","Finance",
"card-no-access","Finance",
"card-lock","Finance",
"card-shield","Finance",
"cooling-square","Science",
"credit-cards","Finance",
"diameter","Science",
"dna","Science",
"graduation-cap","Science",
"heating-square","Science",
"inclination","Science",
"mastercard-card","Finance",
"microscope","Science",
"paypal","Finance",
"radiation","Science",
"radius","Science",
"rubik-cube","Science",
"vials","Science",
"x-square","Typography","coordinate,axis",
"y-square","Typography","coordinate,axis",
"z-square","Typography","coordinate,axis",
"agile","Business",
"bright-crown","Gaming",
"bright-star","Gaming",
"calendar-minus","System",
"calendar-plus","System",
"community","Users",
"crown-circle","Gaming",
"crown","Gaming",
"git-cherry-pick-commit","Git",
"git-pull-request-closed","Git",
"key-command","System",
"learning","Users",
"priority-medium","Business",
"okrs","Business",
"presentation","Business",
"sine-wave","Science",
"square-wave","Science",
"strategy","Business",
"shirt","Clothing",
"user-crown","Users",
"user-love","Users",
"user-star","Users",
"video-projector","Devices",
"shirt-tank-top","Clothing",
"adobe-after-effects","Design Tools",
"adobe-illustrator","Design Tools",
"adobe-indesign","Design Tools",
"adobe-lightroom","Design Tools",
"adobe-photoshop","Design Tools",
"adobe-xd","Design Tools",
"arrow-down-left","Navigation",
"arrow-down-right","Navigation",
"arrow-up-left","Navigation",
"arrow-up-right","Navigation",
"balcony","Buildings",
"bathroom","Buildings",
"binocular","Organization",
"birthday-cake","Activities",
"cellar","Buildings",
"color-wheel","Design Tools",
"laptop-dev-mode","Development",
"mobile-dev-mode","Development",
"developer","Development",
"dew-point","Weather",
"elevator","Buildings",
"fill-color","Design Tools",
"filter-list-circle","Navigation",
"filter-list","Navigation",
"fish","Animals",
"home-temperature-in","Home",
"home-temperature-out","Home",
"house-rooms","Buildings",
"jellyfish","Animals",
"lullaby","Music",
"magic-wand","Design Tools",
"neighbourhood","Buildings",
"non-binary","Health",
"planimetry","Buildings",
"privacy-policy","Docs",
"slash","Development",
"spotify","Music",
"strikethrough","Editor",
"temperature-down","Weather",
"temperature-high","Weather",
"temperature-low","Weather",
"temperature-up","Weather",
"time-zone","Communication",
"vue-js","Development",
"wolf","Animals",
"yelp","Social",
"cube-cut-with-curve","3D Editor","solid, 3d, object, blender",
"extrude","3D Editor",
"fillet-3d","3D Editor",
"loft-3d","3D Editor",
"cube-bandage","3D Editor","patch, fix, band, aid",
"pipe-3d","3D Editor",
"project-curve-3d","3D Editor",
"sweep-3d","3D Editor",
"unjoin-3d","3D Editor",
"bitcoin-circle","Finance",
"bitcoin-rotate-out","Finance",
"card-reader","Finance",
"coins-swap","Finance","conversion, currency, exchange",
"coins","Finance",
"commodity","Finance","gold, ingot, bar",
"contactless","Finance","pay, payment",
"dogecoin-circle","Finance",
"dogecoin-rotate-out","Finance",
"ethereum-circle","Finance",
"ethereum-rotate-out","Finance",
"hand-card","Finance","pay, payment",
"hand-cash","Finance","pay, payment",
"hand-contactless","Finance","pay, payment",
"litecoin-circle","Finance",
"litecoin-rotate-out","Finance",
"percent-rotate-out","Finance",
"safe-arrow-left","Finance",
"safe-arrow-right","Finance",
"safe-open","Finance",
"safe","Finance",
"3d-draft-face","3D Editor",
"apple-shortcuts","System",
"arrows-up-from-line","Shopping",
"clock-rotate-right","Shopping",
"cube-replace-face","3D Editor",
"glass-fragile","Shopping",
"heart-arrow-down","System",
"comp-align-bottom","Design Tools","figma, design",
"comp-align-left","Design Tools","figma, design",
"comp-align-right","Design Tools","figma, design",
"comp-align-top","Design Tools","figma, design",
"component","Design Tools","figma, design",
"spark","Other","ai, artificial, intelligence",
"sparks","Other","ai, artificial, intelligence",
"square-cursor","System",
"bridge-surface","3D Editor",
"constrained-surface","3D Editor",
"curve-array","3D Editor",
"align-horizontal-centers","Design Tools","figma, design",
"align-horizontal-spacing","Design Tools","figma, design",
"align-vertical-centers","Design Tools","figma, design",
"align-vertical-spacing","Design Tools","figma, design",
"app-store","Social","apple, iphone, ios",
"circle-spark","Other","ai, artificial, intelligence",
"number-0-square","Other",
"number-1-square","Other",
"number-2-square","Other",
"number-3-square","Other",
"number-4-square","Other",
"number-5-square","Other",
"number-6-square","Other",
"number-7-square","Other",
"number-8-square","Other",
"number-9-square","Other",
"post","Social",
"threads","Social",